date,id,bid,ask,dur
19260130,19260315.2,3.674,.,44
19260227,19260615.3,3.292,2.977,108
19260331,19260615.3,3.271,2.973,76
19260430,19260615.3,2.969,2.479,46
19260528,19260915.2,3.332,3.127,110
19260630,19260915.2,3.123,2.831,77
19260731,19260915.2,3.407,3.002,46
19260831,19261215.3,3.584,3.264,106
19260930,19261215.3,3.833,3.537,76
19261030,19261215.3,3.679,3.435,46
19261130,19270315.2,3.315,3.1,105
19261231,19270315.2,3.334,3.031,74
19270131,19270315.2,3.65,3.129,43
19270228,19270615.3,3.467,3.361,107
19270331,19270615.3,3.462,3.313,76
19270430,19270615.3,3.702,3.457,46
19270531,19270915.3,3.383,3.1,107
19270630,19270915.3,3.502,3.062,77
19270730,19270915.3,3.298,2.818,47
19270831,19271215.2,2.822,2.61,106
19270930,19271215.2,2.93,2.635,76
19271031,19271215.2,2.907,2.409,45
19271130,19280315.3,3.298,3.084,106
19271231,19280315.3,3.576,3.274,75
19280131,19280315.3,3.995,.,44
19280229,19280615.3,3.497,3.286,107
19280331,19280615.3,3.516,3.219,76
19280430,19280615.3,4.045,3.556,46
19280531,19280915.1,3.942,3.836,107
19280630,19280915.1,3.999,3.853,77
19280731,19280915.1,4.138,3.894,46
19280831,19281215.3,4.596,4.275,106
19280929,19281215.3,4.964,4.67,77
19281031,19281215.3,4.95,4.449,45
19281130,19290315.3,4.393,4.178,105
19281231,19290315.3,4.58,4.122,74
19290131,19290315.3,4.926,4.401,43
19290228,19290615.3,4.759,4.442,107
19290328,19290615.3,4.862,4.434,79
19290430,19290615.3,5.401,4.913,46
19290531,19290915.3,5.211,4.999,107
19290629,19290915.3,4.724,4.435,78
19290731,19290915.3,5.36,4.871,46
19290830,19291215.3,4.704,4.493,107
19290930,19291215.3,4.91,4.613,76
19291031,19291215.3,4.41,3.911,45
19291127,19300315.31,3.304,3.096,108
19291231,19300315.31,3.094,2.641,74
19300131,19300315.31,4.013,3.494,43
19300228,19300616.3,3.241,3.033,108
19300331,19300616.3,2.901,2.61,77
19300430,19300616.3,3.12,2.644,47
19300529,19300915.3,2.235,2.028,109
19300630,19300915.3,1.889,1.596,77
19300731,19300915.3,1.589,1.099,46
19300829,19301215.3,1.843,1.634,108
19300930,19301215.3,1.567,1.271,76
19301031,19301215.3,1.945,1.445,45
19301129,19310615.3,-1.074,-1.188,195
19301231,19310216.4,1.644,0.254,47
19310131,19310615.3,1.324,1.156,135
19310228,19310504.4,1.523,.,65
19310331,19310504.4,1.522,0.253,34
19310430,19310701.4,1.421,0.203,62
19310529,19310701.4,0.913,0.203,33
19310630,19310803.4,0.761,0.507,34
19310731,19310831.4,0.558,0.355,31
19310831,19310930.4,0.609,0.406,30
19310930,19311102.4,1.39,0.406,33
19311031,19311130.4,2.03,.,30
19311130,19311230.4,2.537,0.507,30
19311231,19320201.4,2.792,.,32
19320130,19320302.4,2.538,0.761,32
19320229,19320330.4,2.283,0.507,30
19320331,19320511.4,1.776,0.507,41
19320430,19320601.4,0.659,0.355,32
19320531,19320713.4,0.406,0.152,43
19320630,19320810.4,0.456,0.152,41
19320730,19320831.4,0.456,0.152,32
19320831,19321011.4,0.456,0.203,41
19320930,19321109.4,0.304,0.101,40
19321031,19321130.4,0.253,0.101,30
19321130,19330111.4,0.203,0.051,42
19321231,19330208.4,0.203,0.051,39
19330131,19330329.4,0.203,0.051,57
19330228,19330412.4,1.015,0.152,43
19330331,19330510.4,1.522,0.507,40
19330429,19330531.4,0.634,0.253,32
19330531,19330705.4,0.406,0.152,35
19330630,19330802.4,0.355,0.101,33
19330731,19330830.4,0.406,0.152,30
19330831,19331004.4,0.253,0.101,34
19330930,19331101.4,0.203,0.051,32
19331031,19331206.4,0.304,0.152,36
19331129,19340103.4,0.355,0.152,35
19331230,19340131.4,0.608,0.355,32
19340131,19340307.4,0.406,0.203,35
19340228,19340404.4,0.355,0.101,35
19340331,19340502.4,0.152,0,32
19340430,19340620.4,0.152,0,51
19340531,19340703.4,0.152,0,33
19340630,19340801.4,0.152,0,32
19340731,19340905.4,0.152,0,36
19340831,19341003.4,0.152,0,33
19340929,19341031.4,0.203,0,32
19341031,19341219.4,0.203,0,49
19341130,19350102.4,0.254,0,33
19341231,19350130.4,0.152,0,30
19350131,19350306.4,0.203,.,34
19350228,19350403.4,0.152,.,34
19350330,19350501.4,0.152,.,32
19350430,19350605.4,0.152,.,36
19350531,19350703.4,0.152,.,33
19350629,19350821.4,0.152,.,53
19350731,19350904.4,0.152,.,35
19350831,19351002.4,0.152,.,32
19350930,19351030.4,0.152,.,30
19351030,19351218.4,0.203,.,49
19351130,19351231.4,0.101,.,31
19351231,19360205.4,0.152,.,36
19360131,19360304.4,0.152,.,33
19360229,19360610.4,0.203,.,102
19360331,19360617.4,0.203,.,78
19360430,19360722.4,0.203,.,83
19360529,19360819.4,0.203,.,82
19360630,19360930.4,0.152,.,92
19360731,19360930.4,0.152,.,61
19360831,19360930.4,0.101,.,30
19360930,19361125.4,0.183,.,56
19361031,19361209.4,0.101,.,39
19361130,19370113.4,0.101,.,44
19361231,19370217.4,0.162,.,48
19370130,19370414.4,0.223,.,74
19370227,19370407.4,0.223,.,39
19370331,19370505.4,0.507,.,35
19370430,19370617.4,0.609,.,48
19370528,19370630.4,0.304,.,33
19370630,19370804.4,0.335,.,35
19370731,19370901.4,0.304,.,32
19370831,19371006.4,0.406,.,36
19370930,19371103.4,0.203,.,34
19371030,19371201.4,0.223,.,32
19371130,19380105.4,0.051,.,36
19371231,19380202.4,0.081,0,33
19380131,19380302.4,0.091,0.03,30
19380228,19380330.4,0.061,0,30
19380331,19380504.4,0.101,0,34
19380430,19380601.4,0.041,-0.178,32
19380531,19380706.4,0.04,-0.158,36
19380630,19380803.4,0.061,-0.168,34
19380730,19380831.4,0.081,0,32
19380831,19381005.4,0.061,0,35
19380930,19381102.4,0.061,0,33
19381031,19381130.4,0.04,-0.19,30
19381130,19390104.4,0.041,-0.163,35
19381231,19390201.4,0.051,-0.356,32
19390131,19390308.4,0.03,-0.158,36
19390228,19390405.4,0.03,-0.317,36
19390331,19390503.4,0.03,-0.111,33
19390429,19390531.4,0.03,0,32
19390531,19390705.4,0.03,-0.104,35
19390630,19390802.4,0.03,-0.173,33
19390731,19390830.4,0.051,-0.19,30
19390831,19391004.4,0.041,0.01,34
19390930,19391101.4,0.051,0,32
19391031,19391206.4,0.051,0,36
19391130,19400103.4,0.051,-0.168,34
19391230,19400131.4,0.041,-0.178,32
19400131,19400306.4,0.041,-0.163,35
19400229,19400403.4,0,-0.335,34
19400330,19400501.4,0.02,-0.356,32
19400430,19400605.4,0.02,-0.317,36
19400531,19400703.4,0.101,0,33
19400629,19400731.4,0.081,0,32
19400731,19400904.4,0.041,-0.163,35
19400831,19401002.4,0.041,-0.356,32
19400930,19401030.4,0.04,-0.38,30
19401031,19401204.4,0.041,-0.168,34
19401130,19410102.4,0.02,-0.346,33
19401231,19410205.4,0.02,-0.317,36
19410131,19410305.4,0.02,-0.173,33
19410228,19410402.4,0.081,0,33
19410331,19410507.4,0.04,-0.154,37
19410430,19410604.4,0.101,0,35
19410531,19410702.4,0.101,0,32
19410630,19410730.4,0.101,0,30
19410731,19410903.4,0.112,0.051,34
19410830,19411001.4,0.122,0.061,32
19410930,19411105.4,0.101,0,36
19411031,19411203.4,0.152,0,33
19411129,19411231.4,0.253,0.101,32
19411231,19420204.4,0.304,0.101,35
19420131,19420304.4,0.203,0.101,32
19420228,19420415.4,0.254,0,46
19420331,19420506.4,0.203,0,36
19420430,19420603.4,0.304,0.101,34
19420529,19420715.4,0.355,0.203,47
19420630,19420805.4,0.335,0.253,36
19420731,19420902.4,0.375,0.304,33
19420831,19420930.4,0.38,0.304,30
19420930,19421104.4,0.38,0.335,35
19421031,19421202.4,0.38,0.304,32
19421130,19421230.4,0.365,0.253,30
19421231,19430203.4,0.375,0.335,34
19430130,19430303.4,0.375,0.304,32
19430227,19430331.4,0.375,0.253,32
19430331,19430505.4,0.375,0.325,35
19430430,19430602.4,0.375,0.254,33
19430529,19430630.4,0.375,0.253,32
19430630,19430804.4,0.375,0.304,35
19430731,19430902.4,0.375,0.304,33
19430831,19430930.4,0.375,0.253,30
19430930,19431104.4,0.375,0.304,35
19431030,19431202.4,0.375,0.304,33
19431130,19431230.4,0.375,0.253,30
19431231,19440203.4,0.375,0.304,34
19440131,19440302.4,0.375,0.304,31
19440229,19440330.4,0.375,0.203,30
19440331,19440504.4,0.375,0.304,34
19440429,19440601.4,0.375,0.203,33
19440531,19440706.4,0.375,0.304,36
19440630,19440803.4,0.375,0.304,34
19440731,19440831.4,0.375,0.203,31
19440831,19441005.4,0.375,0.203,35
19440930,19441102.4,0.38,0.304,33
19441031,19441130.4,0.38,0.203,30
19441130,19450104.4,0.38,0.203,35
19441230,19450201.4,0.38,0.203,33
19450131,19450308.4,0.38,0.203,36
19450228,19450405.4,0.38,0.203,36
19450331,19450503.4,0.38,0.304,33
19450430,19450531.4,0.38,0.203,31
19450531,19450705.4,0.38,0.203,35
19450630,19450802.4,0.38,0.304,33
19450731,19450830.4,0.38,0.203,30
19450831,19451004.4,0.38,0.304,34
19450929,19451101.4,0.38,0.304,33
19451031,19451206.4,0.38,0.203,36
19451130,19460103.4,0.38,0.304,34
19451231,19460131.4,0.38,0.304,31
19460131,19460307.4,0.38,0.304,35
19460228,19460404.4,0.38,0.304,35
19460330,19460502.4,0.38,0.304,33
19460430,19460531.4,0.38,0.304,31
19460531,19460705.4,0.38,0.304,35
19460628,19460801.4,0.38,0.304,34
19460731,19460905.4,0.38,0.304,36
19460830,19461003.4,0.38,0.304,34
19460930,19461031.4,0.38,0.304,31
19461031,19461205.4,0.38,0.304,35
19461130,19470102.4,0.38,0.304,33
19461231,19470130.4,0.38,0.253,30
19470131,19470306.4,0.38,0.304,34
19470228,19470403.4,0.38,0.304,34
19470331,19470501.4,0.38,0.304,31
19470430,19470605.4,0.38,0.304,36
19470529,19470703.4,0.38,0.304,35
19470630,19470731.4,0.38,0.304,31
19470731,19470904.4,0.38,0.304,35
19470829,19471002.4,0.38,0.253,34
19470930,19471030.4,0.771,0.72,30
19471031,19471204.4,0.822,0.771,34
19471128,19480102.4,0.862,0.801,35
19471231,19480205.4,0.913,0.852,36
19480130,19480304.4,0.964,0.913,34
19480227,19480401.4,0.984,0.923,34
19480331,19480506.4,1.004,0.953,36
19480430,19480603.4,1.014,0.964,34
19480528,19480701.4,1.014,0.974,34
19480630,19480805.4,1.015,0.964,36
19480730,19480902.4,1.014,0.964,34
19480831,19480930.4,1.075,1.004,30
19480930,19481104.4,1.116,0.051,35
19481029,19481202.4,1.116,0.994,34
19481130,19481230.4,1.136,.,30
19481231,19490203.4,1.156,1.075,34
19490131,19490303.4,1.177,1.096,31
19490228,19490331.4,1.177,1.055,31
19490331,19490505.4,1.187,1.096,35
19490429,19490602.4,1.187,1.075,34
19490531,19490630.4,1.187,1.055,30
19490630,19490804.4,1.116,1.014,35
19490729,19490901.4,1.045,0.964,34
19490831,19491006.4,1.075,0.994,36
19490930,19491103.4,1.096,0.994,34
19491031,19491201.4,1.085,0.953,31
19491130,19500105.4,1.136,1.015,36
19491230,19500202.4,1.106,1.014,34
19500131,19500302.4,1.146,1.055,30
19500228,19500330.4,1.156,1.095,30
19500331,19500504.4,1.167,1.075,34
19500428,19500601.4,1.197,1.096,34
19500531,19500706.4,1.197,1.136,36
19500630,19500803.4,1.197,1.116,34
19500731,19500831.4,1.197,1.096,31
19500831,19501005.4,1.329,1.238,35
19500929,19501102.4,1.349,1.268,34
19501031,19501130.4,1.359,1.197,30
19501130,19510104.4,1.4,1.319,35
19501229,19510201.4,1.41,1.299,34
19510131,19510308.4,1.41,1.278,36
19510228,19510405.4,1.38,1.248,36
19510330,19510503.4,1.552,1.42,34
19510430,19510531.4,1.522,1.217,31
19510531,19510705.4,1.522,1.37,35
19510629,19510802.4,1.623,1.37,34
19510731,19510830.4,1.623,1.42,30
19510831,19511004.4,1.664,1.481,34
19510928,19511101.4,1.674,1.563,34
19511031,19511206.4,1.42,1.167,36
19511130,19520103.4,1.522,1.268,34
19511231,19520131.4,1.776,1.623,31
19520131,19520306.4,1.471,1.268,35
19520229,19520403.4,1.42,1.065,34
19520331,19520501.4,1.522,1.37,31
19520430,19520605.4,1.674,1.573,36
19520529,19520703.4,1.745,1.644,35
19520630,19520731.4,1.826,1.705,31
19520731,19520904.4,1.877,1.745,35
19520829,19521002.4,1.776,1.623,34
19520930,19521030.4,1.674,1.37,30
19521031,19521204.4,1.522,1.319,34
19521128,19530102.4,1.877,1.776,35
19521231,19530205.4,2.03,1.877,36
19530130,19530305.4,1.877,1.776,34
19530227,19530402.4,2.08,1.979,34
19530331,19530430.4,2.05,1.928,30
19530430,19530604.4,2.182,1.979,35
19530529,19530702.4,2.03,1.827,34
19530630,19530730.4,1.826,1.522,30
19530731,19530903.4,1.979,1.877,34
19530831,19531001.4,1.826,1.725,31
19530930,19531105.4,1.471,1.319,36
19531030,19531203.4,1.014,0.862,34
19531130,19531231.4,1.319,1.065,31
19531231,19540204.4,1.37,1.217,35
19540129,19540304.4,1.014,0.862,34
19540226,19540401.4,0.913,0.791,34
19540331,19540506.4,1.015,0.953,36
19540430,19540603.4,0.71,0.609,34
19540528,19540701.4,0.659,0.558,34
19540630,19540805.4,0.649,0.548,36
19540730,19540902.4,0.71,0.609,34
19540831,19540930.4,1.095,0.964,30
19540930,19541104.4,0.933,0.832,35
19541029,19541202.4,0.761,0.659,34
19541130,19541230.4,0.964,0.761,30
19541231,19550203.4,1.014,0.913,34
19550131,19550303.4,1.167,1.035,31
19550228,19550331.4,1.136,1.014,31
19550331,19550505.4,1.38,1.278,35
19550429,19550602.4,1.563,1.441,34
19550531,19550630.4,1.116,0.964,30
19550630,19550804.4,1.38,1.278,35
19550729,19550901.4,1.766,1.674,34
19550831,19551006.4,2.05,1.969,36
19550930,19551103.4,2.182,2.08,34
19551031,19551201.4,2.08,1.979,31
19551130,19560105.4,2.233,2.132,36
19551230,19560202.4,2.497,2.395,34
19560131,19560301.4,2.314,2.212,30
19560229,19560405.4,2.05,1.928,36
19560329,19560503.4,2.233,2.081,35
19560430,19560531.4,2.659,2.558,31
19560531,19560705.4,2.487,2.385,35
19560629,19560726.4,2.314,2.151,27
19560731,19560830.4,2.131,1.979,30
19560831,19561004.4,2.487,2.385,34
19560928,19561101.4,2.761,2.66,34
19561031,19561206.4,2.538,2.416,36
19561130,19570103.4,2.741,2.588,34
19561231,19570131.4,3.096,2.985,31
19570131,19570307.4,3.097,2.965,35
19570228,19570404.4,2.945,2.843,35
19570329,19570502.4,2.944,2.822,34
19570430,19570531.4,3.086,2.985,31
19570531,19570705.4,3.249,3.127,35
19570627,19570801.4,3.148,2.995,35
19570731,19570905.4,3.148,2.995,36
19570830,19571003.4,3.148,2.995,34
19570930,19571031.4,3.147,2.944,31
19571031,19571205.4,3.402,3.3,35
19571129,19580102.4,2.741,2.588,34
19571231,19580130.4,2.791,2.588,30
19580131,19580306.4,1.573,1.42,34
19580228,19580403.4,1.136,1.065,34
19580331,19580501.4,1.065,0.913,31
19580430,19580605.4,1.217,1.136,36
19580529,19580703.4,0.406,0.304,35
19580630,19580731.4,0.761,0.608,31
19580731,19580904.4,0.791,0.69,35
19580829,19581002.4,1.979,1.827,34
19580930,19581030.4,1.826,1.643,30
19581031,19581204.4,1.623,1.42,34
19581128,19590102.4,2.294,2.182,35
19581231,19590205.4,2.538,2.436,36
19590130,19590305.4,2.487,2.355,34
19590227,19590402.4,2.385,2.233,34
19590331,19590430.4,2.436,2.283,30
19590430,19590604.4,2.762,2.66,35
19590529,19590702.4,2.761,2.639,34
19590630,19590730.4,2.741,2.588,30
19590731,19590903.4,2.385,2.233,34
19590831,19591001.4,3.503,3.351,31
19590930,19591105.4,3.657,3.504,36
19591030,19591203.4,3.097,2.944,34
19591130,19591231.4,3.096,2.842,31
19591231,19600204.4,4.165,3.962,35
19600129,19600303.4,3.504,3.351,34
19600229,19600331.4,3.91,3.707,31
19600331,19600505.4,2.741,2.335,35
19600429,19600602.4,2.944,2.843,34
19600531,19600630.4,2.436,2.233,30
19600630,19600804.4,1.827,1.623,35
19600729,19600901.4,1.827,1.674,34
19600831,19601006.4,2.081,1.928,36
19600930,19601103.4,2.497,2.395,34
19601031,19601201.4,1.623,1.42,31
19601130,19610105.4,1.979,1.776,36
19601230,19610202.4,2.131,2.03,34
19610131,19610302.4,2.08,1.928,30
19610228,19610330.4,2.497,2.395,30
19610330,19610504.4,2.182,2.03,35
19610428,19610601.4,1.979,1.827,34
19610531,19610706.4,2.355,2.253,36
19610630,19610803.4,2.131,2.05,34
19610731,19610831.4,1.674,1.522,31
19610831,19611005.4,2.111,2.01,35
19610929,19611102.4,2.111,2.009,34
19611031,19611130.4,2.029,1.877,30
19611130,19620104.4,2.375,2.274,35
19611229,19620201.4,2.558,2.477,34
19620131,19620308.4,2.568,2.487,36
19620228,19620405.4,2.518,2.436,36
19620330,19620503.4,2.721,2.639,34
19620430,19620531.4,2.73,2.67,31
19620531,19620705.4,2.558,2.487,35
19620629,19620802.4,2.954,2.893,34
19620731,19620830.4,2.7,2.598,30
19620831,19621004.4,2.711,2.65,34
19620928,19621101.4,2.741,2.69,34
19621031,19621206.4,2.507,2.457,36
19621130,19630103.4,2.731,2.67,34
19621231,19630131.4,2.985,2.924,31
19630131,19630307.4,2.955,2.904,35
19630228,19630404.4,2.873,2.812,35
19630329,19630502.4,2.873,2.832,34
19630430,19630531.4,2.893,2.822,31
19630531,19630705.4,2.985,2.934,35
19630628,19630801.4,3.005,2.965,34
19630731,19630905.4,3.097,3.016,36
19630830,19631003.4,3.3,3.229,34
19630930,19631031.4,3.462,3.401,31
19631031,19631205.4,3.321,3.249,35
19631129,19640102.4,3.331,3.229,34
19631231,19640130.4,3.513,3.452,30
19640131,19640305.4,3.473,3.422,34
19640228,19640402.4,3.565,3.504,34
19640331,19640430.4,3.554,3.503,30
19640430,19640604.4,3.382,3.331,35
19640528,19640702.4,3.29,3.239,35
19640630,19640730.4,3.452,3.371,30
19640731,19640831.4,3.32,3.198,31
19640831,19640930.4,3.33,3.198,30
19640930,19641031.4,3.554,3.493,31
19641030,19641130.4,3.462,3.391,31
19641130,19641231.4,3.666,3.483,31
19641231,19650131.4,3.503,3.351,31
19650129,19650228.4,3.93,3.839,30
19650226,19650331.4,3.9,3.798,33
19650331,19650430.4,3.859,3.717,30
19650429,19650531.4,3.9,3.819,32
19650528,19650630.4,3.809,3.656,33
19650630,19650731.4,3.859,3.707,31
19650730,19650831.4,3.829,3.707,32
19650831,19650930.4,3.859,3.706,30
19650930,19651031.4,4.063,3.91,31
19651029,19651130.4,3.91,3.788,32
19651130,19651230.4,3.889,3.706,30
19651231,19660131.4,4.368,4.164,31
19660131,19660303.4,4.571,4.49,31
19660228,19660331.4,4.5,4.419,31
19660331,19660430.4,4.571,4.266,30
19660429,19660531.4,4.653,4.551,32
19660531,19660630.4,4.52,4.398,30
19660630,19660731.4,4.775,4.266,31
19660729,19660831.4,4.725,4.368,33
19660831,19660930.4,4.927,4.52,30
19660930,19661031.4,5.284,5.029,31
19661031,19661130.4,4.978,4.571,30
19661130,19661231.4,4.571,3.961,31
19661230,19670131.4,4.673,4.266,32
19670131,19670302.4,4.602,4.49,30
19670228,19670330.4,4.551,4.419,30
19670331,19670430.4,4.164,3.961,30
19670428,19670531.4,3.605,3.3,33
19670531,19670630.4,3.35,3.147,30
19670630,19670731.4,3.91,3.503,31
19670731,19670831.4,3.91,3.707,31
19670831,19670930.4,4.012,3.706,30
19670929,19671031.4,4.266,4.042,32
19671031,19671130.4,4.215,4.083,30
19671130,19671231.4,4.52,3.859,31
19671229,19680131.4,4.47,4.216,33
19680131,19680307.4,4.858,4.756,36
19680229,19680331.4,4.775,4.571,31
19680329,19680430.4,5.03,4.673,32
19680430,19680531.4,5.742,5.233,31
19680531,19680630.4,5.538,5.233,30
19680628,19680731.4,5.489,5.081,33
19680731,19680831.4,5.437,5.08,31
19680830,19680930.4,5.08,4.795,31
19680930,19681031.4,5.294,5.029,31
19681031,19681130.4,5.64,5.182,30
19681129,19681231.4,5.05,4.623,32
19681231,19690130.4,6.303,5.895,30
19690131,19690306.4,6.111,5.887,34
19690228,19690331.4,5.844,5.437,31
19690328,19690430.4,5.591,5.132,33
19690430,19690531.4,6.354,5.895,31
19690529,19690630.4,6.049,5.641,32
19690630,19690731.4,6.864,6.099,31
19690731,19690831.4,7.374,6.456,31
19690829,19690930.4,7.017,6.304,32
19690930,19691030.4,7.169,6.72,30
19691031,19691130.4,7.118,6.251,30
19691128,19691231.4,6.794,6.1,33
19691231,19700131.4,7.17,6.405,31
19700130,19700305.4,7.866,7.59,34
19700227,19700331.4,6.65,5.957,32
19700331,19700430.4,6.7,6.129,30
19700430,19700531.4,6.874,6.15,31
19700529,19700630.4,6.599,6.018,32
19700630,19700730.4,6.272,5.589,30
19700731,19700831.4,6.221,5.569,31
19700831,19700930.4,6.303,5.915,30
19700930,19701031.4,6.14,5.498,31
19701030,19701130.4,5.498,5.05,31
19701130,19701231.4,4.734,4.164,31
19701231,19710131.4,4.714,4.164,31
19710129,19710228.4,4.296,3.828,30
19710226,19710331.4,3.371,3.086,33
19710331,19710430.4,3.574,3.239,30
19710430,19710531.4,3.849,3.503,31
19710528,19710630.4,4.043,3.697,33
19710630,19710731.4,5.335,4.704,31
19710730,19710831.4,5.264,4.857,32
19710831,19710930.4,4.561,4.256,30
19710930,19711031.4,4.724,4.337,31
19711029,19711130.4,4.195,3.788,32
19711130,19711230.4,4.032,3.625,30
19711231,19720131.4,3.635,3.066,31
19720131,19720302.4,3.259,2.995,31
19720229,19720330.4,3.361,2.934,30
19720330,19720430.4,3.615,3.351,31
19720428,19720531.4,3.442,3.056,33
19720531,19720630.4,3.584,3.218,30
19720630,19720731.4,3.788,3.462,31
19720731,19720831.4,3.656,3.371,31
19720831,19720930.4,4.51,4.103,30
19720929,19721031.4,4.602,4.256,32
19721031,19721130.4,4.652,4.429,30
19721130,19721231.4,5.101,4.734,31
19721229,19730131.4,5.01,4.725,33
19730131,19730308.4,5.724,5.418,36
19730228,19730331.4,5.793,5.365,31
19730330,19730430.4,6.089,5.661,31
19730430,19730531.4,6.16,5.814,31
19730531,19730630.4,6.822,6.231,30
19730629,19730731.4,7.63,7.242,32
19730731,19730830.4,8.557,8.067,30
19730831,19731004.4,8.724,8.438,34
19730928,19731101.4,7.59,7.08,34
19731031,19731206.4,7.163,6.693,36
19731130,19740103.4,7.672,7.223,34
19731231,19740131.4,7.68,7.047,31
19740131,19740307.4,7.785,7.316,35
19740228,19740404.4,7.734,7.019,35
19740329,19740502.4,8.724,8.275,34
19740430,19740530.4,9.241,8.302,30
19740531,19740702.4,8.14,7.528,32
19740628,19740730.4,8.048,7.313,32
19740731,19740905.4,8.052,7.377,36
19740830,19741003.4,9.542,8.888,34
19740930,19741031.4,6.701,5.641,31
19741031,19741205.4,7.183,6.162,35
19741129,19750102.4,7.805,7.192,34
19741231,19750130.4,6.985,6.088,30
19750131,19750306.4,5.876,5.204,34
19750228,19750403.4,5.102,4.409,34
19750331,19750501.4,5.467,5.08,31
19750430,19750603.4,5.397,5.031,34
19750530,19750630.4,5.04,4.673,31
19750630,19750731.4,5.906,5.396,31
19750731,19750904.4,6.203,5.856,35
19750829,19751002.4,6.101,5.836,34
19750930,19751030.4,6.486,6.099,30
19751031,19751204.4,5.479,5.153,34
19751128,19760102.4,5.357,5.011,35
19751231,19760131.4,5.396,4.948,31
19760130,19760304.4,4.654,4.389,34
19760227,19760401.4,4.776,4.531,34
19760331,19760504.4,4.868,4.643,34
19760430,19760601.4,4.806,4.582,32
19760528,19760629.4,5.274,4.847,32
19760630,19760805.4,5.368,5.225,36
19760730,19760902.4,5.163,5,34
19760831,19760930.4,4.876,4.652,30
19760930,19761104.4,5.143,5.021,35
19761029,19761202.4,4.817,4.694,34
19761130,19761230.4,4.419,4.276,30
19761231,19770203.4,4.308,4.206,34
19770131,19770303.4,4.622,4.48,31
19770228,19770331.4,4.531,4.327,31
19770331,19770503.4,4.623,4.46,33
19770429,19770531.4,4.561,4.215,32
19770531,19770628.4,5.018,4.652,28
19770630,19770804.4,5.011,4.888,35
19770729,19770901.4,5.479,5.214,34
19770831,19771006.4,5.48,5.276,36
19770930,19771103.4,5.948,5.683,34
19771031,19771201.4,5.936,5.712,31
19771130,19780105.4,5.796,5.592,36
19771230,19780202.4,5.876,5.632,34
19780131,19780302.4,6.129,5.864,30
19780228,19780330.4,6.231,5.946,30
19780331,19780502.4,6.579,6.416,32
19780428,19780530.4,6.191,5.906,32
19780531,19780706.4,6.642,6.377,36
19780630,19780803.4,6.692,6.427,34
19780731,19780831.4,6.67,6.364,31
19780831,19781005.4,7.755,7.448,35
19780929,19781102.4,8.193,7.846,34
19781031,19781130.4,8.853,8.22,30
19781130,19790104.4,9.247,8.879,35
19781229,19790201.4,8.796,8.06,34
19790131,19790306.4,9.624,9.42,34
19790228,19790403.4,9.716,9.369,34
19790330,19790501.4,9.755,9.53,32
19790430,19790531.4,9.723,9.416,31
19790531,19790705.4,9.779,9.595,35
19790629,19790802.4,9.113,8.867,34
19790731,19790830.4,9.231,8.965,30
19790831,19791004.4,10.197,9.911,34
19790928,19791101.4,10.422,10.136,34
19791031,19791206.4,11.922,11.512,36
19791130,19800103.4,11.109,10.699,34
19791231,19800131.4,9.467,9.222,31
19800131,19800304.4,11.927,11.517,33
19800229,19800401.4,13.873,13.36,32
19800331,19800501.4,15.307,14.794,31
19800430,19800605.4,9.494,8.982,36
19800530,19800703.4,7.325,7.039,34
19800630,19800731.4,6.476,5.926,31
19800731,19800904.4,7.663,7.336,35
19800829,19801002.4,9.45,9.144,34
19800930,19801030.4,11,10.59,30
19801030,19801204.4,11.52,11.213,35
19801128,19810102.4,14.806,14.497,35
19801231,19810205.4,12.805,12.251,36
19810130,19810305.4,14.176,13.663,34
19810227,19810402.4,14.217,13.847,34
19810331,19810430.4,13.15,12.883,30
19810430,19810604.4,13.984,13.655,35
19810529,19810702.4,16.223,16.078,34
19810630,19810730.4,14.565,14.257,30
19810731,19810903.4,15.091,14.824,34
19810831,19811001.4,15.112,14.825,31
19810930,19811105.4,14.12,13.873,36
19811030,19811203.4,12.811,12.626,34
19811130,19811231.4,10.357,10.132,31
19811231,19820204.4,9.779,9.492,35
19820129,19820304.4,12.031,11.826,34
19820226,19820401.4,11.929,11.724,34
19820331,19820506.4,13.575,13.267,36
19820430,19820603.4,12.339,12.134,34
19820528,19820701.4,11.57,11.303,34
19820630,19820805.4,11.932,11.625,36
19820730,19820902.4,9,8.837,34
19820831,19820930.4,6.364,6.058,30
19820930,19821104.4,7.121,6.917,35
19821029,19821202.4,7.744,7.662,34
19821130,19821230.4,7.72,7.536,30
19821231,19830203.4,8.132,7.989,34
19830131,19830303.4,8.098,7.976,31
19830228,19830331.4,7.476,7.374,31
19830331,19830505.4,8.613,8.531,35
19830429,19830602.4,8.152,8.07,34
19830531,19830630.4,8.128,8.026,30
19830630,19830804.4,8.746,8.644,35
19830729,19830901.4,8.949,8.888,34
19830831,19831006.4,9.187,9.105,36
19830930,19831103.4,8.786,8.724,34
19831031,19831201.4,8.486,8.405,31
19831130,19840105.4,8.542,8.461,36
19831230,19840202.4,8.673,8.612,34
19840131,19840301.4,8.914,8.853,30
19840229,19840405.4,8.921,8.86,36
19840330,19840503.4,9.583,9.522,34
19840430,19840531.4,9.304,9.222,31
19840531,19840705.4,9.39,9.329,35
19840629,19840802.4,9.389,9.328,34
19840731,19840830.4,9.67,9.629,30
19840831,19841004.4,10.74,10.699,34
19840928,19841101.4,10.463,10.402,34
19841031,19841206.4,8.645,8.563,36
19841130,19850103.4,7.427,7.386,34
19841231,19850131.4,7.639,7.557,31
19850131,19850307.4,7.683,7.622,35
19850228,19850404.4,7.755,7.673,35
19850329,19850502.4,8.111,8.07,34
19850430,19850530.4,7.393,7.312,30
19850531,19850705.4,7.06,6.999,35
19850628,19850801.4,6.662,6.6,34
19850731,19850905.4,7.081,7.041,36
19850830,19851003.4,7.1,7.039,34
19850930,19851031.4,7.088,7.047,31
19851031,19851205.4,7.193,7.152,35
19851129,19860102.4,6.611,6.529,34
19851231,19860130.4,5.956,5.854,30
19860131,19860306.4,6.815,6.753,34
19860228,19860403.4,6.958,6.937,34
19860331,19860501.4,6.293,6.252,31
19860430,19860605.4,5.938,5.857,36
19860530,19860703.4,6.172,6.131,34
19860630,19860731.4,5.906,5.865,31
19860731,19860904.4,5.653,5.612,35
19860829,19861002.4,5.143,5.102,34
19860930,19861030.4,5.121,5.1,30
19861031,19861204.4,5.143,5.102,34
19861128,19870102.4,4.99,4.929,35
19861231,19870205.4,5.164,5.062,36
19870130,19870305.4,5.611,5.55,34
19870227,19870402.4,5.387,5.346,34
19870331,19870430.4,5.222,5.182,30
19870430,19870604.4,4.909,4.807,35
19870529,19870702.4,5.407,5.367,34
19870630,19870730.4,4.968,4.887,30
19870731,19870903.4,5.622,5.581,34
19870831,19871001.4,5.692,5.63,31
19870930,19871105.4,6.52,6.479,36
19871030,19871203.4,4.073,3.972,34
19871130,19871231.4,3.564,3.462,31
19871231,19880204.4,3.738,3.636,35
19880129,19880303.4,5.316,5.255,34
19880229,19880331.4,5.192,5.152,31
19880331,19880505.4,5.754,5.714,35
19880429,19880602.4,5.774,5.734,34
19880531,19880630.4,5.874,5.854,30
19880630,19880804.4,6.55,6.53,35
19880729,19880901.4,6.396,6.356,34
19880831,19881006.4,7.214,7.194,36
19880930,19881103.4,7.121,7.059,34
19881031,19881201.4,6.762,6.721,31
19881130,19890105.4,6.847,6.806,36
19881230,19890202.4,6.621,6.6,34
19890131,19890302.4,7.914,7.852,30
19890228,19890330.4,7.577,7.495,30
19890331,19890504.4,8.796,8.755,34
19890428,19890601.4,8.581,8.54,34
19890531,19890706.4,8.604,8.583,36
19890630,19890803.4,8.275,8.234,34
19890731,19890831.4,7.853,7.833,31
19890831,19891005.4,7.806,7.765,35
19890929,19891102.4,7.774,7.733,34
19891031,19891130.4,7.71,7.669,30
19891130,19900104.4,7.101,7.04,35
19891229,19900201.4,6.396,6.131,34
19900131,19900308.4,7.663,7.623,36
19900228,19900405.4,7.725,7.684,36
19900330,19900503.4,8.019,7.978,34
19900430,19900531.4,7.527,7.506,31
19900531,19900705.4,7.367,7.305,35
19900629,19900802.4,7.652,7.631,34
19900731,19900830.4,7.475,7.455,30
19900831,19901004.4,7.498,7.478,34
19900928,19901101.4,7.039,6.998,34
19901031,19901206.4,6.765,6.724,36
19901130,19910103.4,6.662,6.641,34
19901231,19910131.4,5.508,5.386,31
19910131,19910307.4,5.887,5.867,35
19910228,19910404.4,5.724,5.704,35
19910328,19910502.4,5.897,5.877,35
19910430,19910530.4,5.467,5.365,30
19910531,19910705.4,5.439,5.336,35
19910628,19910801.4,5.234,5.132,34
19910731,19910905.4,5.561,5.52,36
19910830,19911003.4,5.326,5.285,34
19910930,19911031.4,5.009,4.968,31
19911031,19911205.4,4.807,4.766,35
19911129,19920102.4,4.084,4.043,34
19911231,19920130.4,3.767,3.666,30
19920131,19920305.4,3.748,3.707,34
19920228,19920402.4,3.87,3.829,34
19920331,19920430.4,4.062,3.961,30
19920430,19920604.4,3.524,3.483,35
19920529,19920702.4,3.656,3.615,34
19920630,19920730.4,3.534,3.493,30
19920731,19920903.4,3.097,3.056,34
19920831,19921001.4,3.046,3.005,31
19920930,19921105.4,2.711,2.67,36
19921030,19921203.4,2.792,2.751,34
19921130,19921231.4,2.72,2.619,31
19921231,19930204.4,2.944,2.904,35
19930129,19930304.4,2.883,2.843,34
19930226,19930401.4,2.741,2.7,34
19930331,19930506.4,2.883,2.843,36
19930430,19930603.4,2.873,2.832,34
19930528,19930701.4,2.975,2.934,34
19930630,19930805.4,2.883,2.843,36
19930730,19930909.4,2.904,2.864,41
19930831,19930930.4,2.913,2.812,30
19930930,19931104.4,2.802,2.761,35
19931029,19931202.4,2.853,2.812,34
19931130,19931230.4,2.802,2.7,30
19931231,19940203.4,2.965,2.924,34
19940131,19940303.4,2.812,2.771,31
19940228,19940331.4,2.924,2.883,31
19940331,19940505.4,3.412,3.372,35
19940429,19940602.4,3.636,3.595,34
19940531,19940630.4,3.839,3.737,30
19940630,19940804.4,3.544,3.504,35
19940729,19940901.4,3.972,3.931,34
19940831,19941006.4,4.41,4.369,36
19940930,19941103.4,4.511,4.47,34
19941031,19941201.4,4.358,4.317,31
19941130,19950105.4,4.97,4.929,36
19941230,19950202.4,4.755,4.715,34
19950131,19950302.4,5.202,5.162,30
19950228,19950330.4,5.039,4.999,30
19950331,19950504.4,5.795,5.754,34
19950428,19950601.4,5.754,5.713,34
19950531,19950706.4,5.663,5.622,36
19950630,19950803.4,5.346,5.305,34
19950731,19950831.4,5.467,5.427,31
19950831,19951005.4,5.388,5.347,35
19950929,19951102.4,5.377,5.336,34
19951031,19951130.4,5.039,4.938,30
19951130,19960104.4,5.439,5.398,35
19951229,19960201.4,4.603,4.562,34
19960131,19960307.4,4.95,4.909,36
19960229,19960404.4,5,4.96,35
19960329,19960502.4,5.214,5.173,34
19960430,19960530.4,4.887,4.785,30
19960531,19960705.4,5.051,5.011,35
19960628,19960801.4,4.837,4.796,34
19960731,19960905.4,5.052,5.011,36
19960830,19961003.4,5.132,5.092,34
19960930,19961031.4,5.009,4.968,31
19961031,19961205.4,4.972,4.952,35
19961129,19970102.4,4.959,4.939,34
19961231,19970130.4,4.884,4.864,30
19970131,19970306.4,4.98,4.959,34
19970228,19970403.4,5.066,5.046,34
19970331,19970501.4,5.233,5.213,31
19970430,19970605.4,5.001,4.98,36
19970530,19970703.4,4.425,4.404,34
19970630,19970731.4,5.055,5.035,31
19970731,19970904.4,5.128,5.107,35
19970829,19971002.4,5.028,5.008,34
19970930,19971030.4,4.759,4.739,30
19971031,19971204.4,4.903,4.883,34
19971128,19980102.4,5,4.98,35
19971231,19980205.4,5.118,5.097,36
19980130,19980305.4,5.036,5.015,34
19980227,19980402.4,5.132,5.112,34
19980331,19980430.4,5.24,5.22,30
19980430,19980604.4,4.738,4.718,35
19980529,19980702.4,4.577,4.557,34
19980630,19980730.4,4.714,4.693,30
19980731,19980903.4,4.755,4.735,34
19980831,19981001.4,4.701,4.681,31
19980930,19981105.4,4.038,4.018,36
19981030,19981203.4,3.557,3.547,34
19981130,19981231.4,4.447,4.437,31
19981231,19990204.4,4.399,4.389,35
19990129,19990304.4,4.414,4.404,34
19990226,19990401.4,4.511,4.501,34
19990331,19990506.4,4.563,4.552,36
19990430,19990603.4,4.458,4.447,34
19990528,19990701.4,4.425,4.414,34
19990630,19990805.4,4.443,4.433,36
19990730,19990902.4,4.455,4.445,34
19990831,19990930.4,4.505,4.495,30
19990930,19991104.4,4.506,4.496,35
19991029,19991202.4,4.371,4.361,34
19991130,19991230.4,4.576,4.566,30
19991231,20000203.4,5.107,5.097,34
20000131,20000302.4,5.391,5.381,31
20000229,20000330.4,5.319,5.309,30
20000331,20000504.4,5.861,5.851,34
20000428,20000601.4,5.275,5.265,34
20000531,20000706.4,4.68,4.67,36
20000630,20000803.4,5.634,5.624,34
20000731,20000831.4,5.88,5.87,31
20000831,20001005.4,6.239,6.229,35
20000929,20001102.4,5.925,5.915,34
20001031,20001130.4,6.032,6.022,30
20001130,20010104.4,6.124,6.114,35
20001229,20010201.4,5.774,5.764,34
20010131,20010308.4,4.833,4.822,36
20010228,20010405.4,5.018,5.008,36
20010330,20010503.4,4.437,4.427,34
20010430,20010531.4,3.747,3.737,31
20010531,20010705.4,3.45,3.44,35
20010629,20010802.4,3.42,3.41,34
20010731,20010830.4,3.645,3.635,30
20010831,20011004.4,3.379,3.369,34
20010928,20011101.4,2.383,2.373,34
20011031,20011206.4,2.098,2.088,36
20011130,20020103.4,1.733,1.722,34
20011231,20020131.4,1.641,1.631,31
20020131,20020307.4,1.695,1.684,35
20020228,20020404.4,1.738,1.728,35
20020328,20020502.4,1.715,1.705,35
20020430,20020530.4,1.758,1.748,30
20020531,20020705.4,1.695,1.684,35
20020628,20020801.4,1.672,1.662,34
20020731,20020905.4,1.705,1.695,36
20020830,20021003.4,1.662,1.651,34
20020930,20021031.4,1.575,1.565,31
20021031,20021205.4,1.425,1.415,35
20021129,20030102.4,1.222,1.212,34
20021231,20030130.4,1.141,1.131,30
